用户名,时间,内容,转发,评论,点赞,转发源作者,转发源
新浪排球,8-2 16:02,#东京奥运会# 【土耳其女排3-2力挫俄奥委会夺小组第3 美国荣膺B组头名】8月2日，2020年东京奥运会女排小组赛第5轮较量继续进行。欧洲两强俄罗斯奥委会女排和土耳其女排狭路相逢。两队经过五局激战，土耳其女排把握住关键分3-2拿下，力夺小组赛第3场胜利，五局比分为21-25、25-23、25-23、15-25和15-10。俄奥委会队憾负遭遇小组赛第2场失利后，4胜1负积10分的美国女排锁定B组头名晋级8强。意大利、土耳其和俄奥委会均为3胜2负，10分的意大利排名第2；土俄两队同积9分，土耳其以1个净胜局的微弱优势力压俄奥委会排名第3，俄奥委会队屈居第4。,5,153,463,,
天秀bot,19分钟前,//@整点电影:美丽又自信！//@粉红杨姐姐: 女性的力量！//@不算安静的镜子:女性本就万种风采//@暴躁wanzi:而且每个妹妹都好piu亮啊//@想吃炸鸡烤肉牛排火锅冰淇淋: 她们都在闪闪发光！！！,370,3,302,@当时我就震惊了:,"东京奥运会女子群像

这些闪闪发光的女孩子们用行动告诉我们：女性本就千万种风采！

#奥运段子大赛# #女性本就千万种风采# 当时我就震惊了的微博视频"
我爱女排,14小时前,"#东京奥运会# #中国女排#
东京出发，北京到家，我们都在 我爱女排的微博视频",113,192,1890,,
奥林匹克运动会,8-4 05:30,"东京#奥运会# 8月4日焦点赛事👇

今日起床冠军🏅️马拉松游泳🏊♀️

更多赛程资讯，请前往应用商城搜索并下载【奥林匹克】官方APP。

#东京奥运会# ｜#共同强大#",20,48,312,,
萨村小推,8-3 20:29,佩德里👴🏻#奥运会##东京奥运会#,186,123,1269,,
Houson猴姆,2小时前,恭喜#中国队夺女子乒乓团体赛金牌#！这也是奥运会上#国乒女团四连冠#！看完这场比赛四字点评！！！,27,66,286,@Houson猴姆:,#中国队夺女子乒乓团体赛金牌# #国乒女团VS日本女团#没问题！恭喜中国女乒3:0狂砍日本女乒拿下2020东京奥运会乒乓球女团决赛冠军！！为中国代表团收获本届奥运会第34金！这也是奥运会#国乒女团四连冠#！[金牌]
奥林匹克运动会,11小时前,"【🤙六刷纪录！美国铅球名将科罗塞尔破奥运纪录夺金】

在今天上午进行的东京奥运会男子铅球决赛中，🇺🇸美国名将科罗塞尔状态极佳，六次投掷尝试全部打破了自己在里约奥运会创下的22.52米奥运会纪录，最终他以23.30米的成绩摘得金牌，完成了全新的自我突破！美国选手科瓦奇和新西兰选手沃尔什分获亚军和季军。

男子铅球现世界纪录同样是由科罗塞尔所保持，成绩为23.37米。

#奥运会# ｜#共同强大# ｜#东京奥运会#",10,69,366,,
奥林匹克运动会,8-2 21:20,"眼含泪水
是因为心怀梦想✨

#奥运会# | #共同强大# | #东京奥运会#",78,49,1264,,
奥林匹克运动会,8-4 13:07,"【翩若惊鸿 婉若游龙】

#奥运会# | #共同强大# | #东京奥运会#",17,13,364,,
新浪体育,8-4 16:45,#14岁全红婵出战东京奥运会#全红婵， 2007年出生，她是这次奥运会中国代表团年龄最小的运动员，因为高超的跳水技术被网友熟知。湛江市体育运动学校是全红婵梦开始的地方，2014年进入体校就读，在训练条件简陋的情况下，她从体校到省队，再到奥运会，一路殊为不易，点赞！#围观奥运会# 今日最新闻官方微博的微博视频,34,45,473,,
萨村小推,8-3 21:35,全场比赛结束，西班牙国奥经历加时1-0日本国奥晋级奥运会男足决赛，将占巴西。#奥运会##东京奥运会#,14,65,597,,
奥林匹克运动会,9小时前,"【美国淘汰澳大利亚挺进男篮决赛】
🏀#东京奥运会#男篮半决赛第一场刚刚结束，🇦🇺澳大利亚以78比97不敌美国🇺🇸。美国队率先拿到了一张决赛入场券，他们的对手将是斯洛文尼亚和法国队的胜者。

🌟本场比赛，杜兰特发挥出色，贡献23分9篮板。布克贡献20分，霍勒迪贡献11分8助攻，米德尔顿贡献11分。澳大利亚方面，核心米尔斯贡献15分8助攻。

#奥运会#｜#共同强大#",34,69,697,,
奥林匹克运动会,8-3 15:30,"2000年悉尼奥运会，@刘璇 夺得平衡木冠军🥇
时隔12年之后，@邓琳琳 夺得伦敦奥运会平衡木冠军🥇

让我们一起欣赏这两位选手的精彩演出！

今天是#东京奥运会#体操项目的最后一个比赛日
将进行男子双杠(16:00)、女子平衡木(16:50)和男子单杠(17:39)决赛🤸♀️
请与我们一起继续关注奥运健儿的精彩表现吧！👀

#奥运会# | #共同强大# 奥林匹克运动会的微博视频",406,265,9428,,
Eternity-_,8-3 20:42,【😂】🔴⚫️ 真·罗森内里@肖若腾vegeta 🇨🇳，说的都是我们的心声啊。#weareacmilan# Eternity-_的微博视频 #东京奥运会#,449,108,420,,
董路,8-1 21:56,苏炳添是奇迹，小将是平凡#东京奥运会# 董路的微博视频,52,2389,1132,,
奥林匹克运动会,8-2 21:20,"眼含泪水
是因为心怀梦想✨

#奥运会# | #共同强大# | #东京奥运会#",78,49,1264,,
阿根廷足球,8-3 20:16,"#东京奥运会#

祝贺阿根廷男排在时隔21后再次晋级奥运会男排四强 !

3-2击败意大利，太不容易了🎉🎉🎉",8,15,96,,
奥林匹克运动会,8-2 22:15,"【羽毛球比赛收官，中国队收获2金4银】

🏸️#东京奥运会#羽毛球比赛在经过激烈的10个比赛日后，完美落下帷幕，🇨🇳中国羽毛球队收获满满，打进了所有5个单项的决赛，斩获2枚金牌4枚银牌：

🏅️混双：王懿律@王懿律enzo /黄东萍@H黄东萍
🥈混双：郑思维@郑思维--- /黄雅琼@黄雅琼---
🥈男双：李俊慧@TAURUS-李俊慧 /刘雨辰@刘雨辰1961
🏅️女单：陈雨菲@陈雨菲_CYF
🥈女双：陈清晨@陈清晨BAOBAO /贾一凡@贾一凡_F
🥈男单：谌龙@谌龙

👏再次祝贺他们！

#奥运会# | #共同强大#",84,59,906,,
奥林匹克运动会,8-2 16:26,"【🚴♀️场地自行车女子争先赛，中国组合创世界记录晋级决赛】

在刚刚结束的#东京奥运会# 场地自行车女子争先预赛赛中，🇨🇳中国选手钟天使@钟天使-cycling 和鲍珊菊以31.804秒的成绩挺进金牌赛。同时也创造了全新的世界记录！

⏰ 北京时间今晚5点，中国队将与德国队争夺本届奥运会首枚场地自行车金牌。

#奥运会# | #共同强大#",111,219,2197,,
祝福体操小花们_,8-3 21:10,"#东京奥运会# 平衡木决赛赛后采访：
管晨辰：自己的压力不算很大，但到了决赛毕竟还是比资格赛更紧张一些。前面一直在后场活动，所以没有太关注之前选手的表现。上法连接成了之后，自己就比较有自信了，后面就慢慢调整好自己。拿到金牌要特别感谢教练们。（问：感觉你现在比以前成熟了很多）可不嘛~ 我都十七啦！（可是你们非要我做个搞怪的表情，我也只能勉为其难一下了）
唐茜靖：赛前没有觉得压力很大，最重要的是做好自己。我们是平衡木双保险，但我发挥好了，也是给晨辰减压。踺子后直其实也有点小失误，但想着过去就过去了，把一个个动作做好。这次比赛进步最大的，是资格赛也能比好了，但跳马是弱项，还要加强调动自己的能力，另外自己的强项也要更强一些。（问：刚才看你也展示了一下冬奥的徽章，为什么呢？）（超大声）欢迎大家来到北京冬奥会！",116,277,2741,,
奥林匹克运动会,8-2 20:50,"【回味】
💓在24小时前的此刻，你的心跳有多快？

#东京奥运会# | #奥运会# | #共同强大#",11,22,250,,
萨村小推,8-3 15:07,佩德里ins story更新🆕奥运会半决赛对阵日本，没有退路，输了也要踢3-4名决赛，赢了就是冲金牌，就是干！！！#奥运会##东京奥运会#,14,32,300,,
奥林匹克运动会,昨天 23:10,"【东京奥运会每日要闻回顾（8月4日）】

年轻的中国女篮负塞尔维亚止步八强；雪雁”组合花样游泳双人自由自选赛摘银；谷红晋级女子拳击沉量级决赛；东道主包揽滑板女子碗池冠亚军；中国德国会师乒乓球男团决赛…

来回顾一下8月4日都有哪些奥运新闻吧。

点击【网页链接】前往@东京2020年奥运会 官方网站。或前往应用商城搜索并下载【奥林匹克】官方APP，了解最新赛事动态。

#奥运会# ｜#共同强大# ｜#东京奥运会# 东京奥运会每日要闻回顾（8月4日）",11,34,160,,
爆棚仓鼠,8-3 21:39,"【】东京奥运会男足半决赛，皇马的阿森西奥在加时赛中打入全场唯一进球，帮助西班牙1-0击败日本，挺进决赛，他们的对手是巴西队！
西班牙VS巴西，你看好哪队夺冠？
#东京奥运会# #围观奥运会#",10,76,288,,
韦德吧官方微博,8-2 13:55,"昨天东京奥运会男篮四分之一对阵抽签已经结束，美国男篮将在8进4对决中对阵西班牙男篮，比赛时间为北京时间星期二12:40。

值得一提的是，杜兰特今天在社交媒体疯狂点赞土耳其女排球员——Zehra Gunes。小姐姐，1999年出生，身高1米97。

#围观奥运会# #东京奥运会##杜兰特点赞土耳其美女副攻多张靓照#",28,49,324,,
奥林匹克运动会,4小时前,"🏓️乒乓球女团金牌赛——中国 vs. 日本
🏅️谁能站上奥运之巅？

⏰18点30分，精彩正在上演！

#奥运会#｜#东京奥运会#｜#共同强大#",8,42,257,,
新浪体育,15小时前,#东京奥运会##奥运会# 【#奥运会今日看点# 】今天上午会有女子4x100米接力和男子4x100米接力，中午可以关注女子200米单人划艇（林文君）和男子1000米双人划艇(王丛康@我是kang康啊 和@卜廷凯 ），下午会有跳水女子十米台决赛，中国选手@全红婵 和陈芋汐(@张家齐la )出战；15:45@钟天使-cycling 将出战场地自行车凯林赛决赛；晚上会有乒乓球女团决赛中国vs日本。,15,22,173,,
祝福体操小花们_,8-2 16:35,#奥运会# #东京奥运会# 吊环决赛 中国刘洋和尤浩冲击难度，发挥出色，下法钉住，力压希腊名将Eleftherios Petrounias包揽冠亚军（6.5+9.0/6.6+8.7/6.3+8.9）,54,65,640,,
VolleyballWorld排球世界,8-4 10:31,#东京奥运会# 室内女排1/4决赛，韩国女排🇰🇷 15-13 土耳其女排🇹🇷拿下决胜局率先晋级，土耳其女排无缘4强！#Volleyball#,124,133,877,,
萨村小推,8-3 22:18,佩德里在329天内参加了73场比赛，平均4.5天一场比赛，还基本都是首发。#奥运会##东京奥运会#,37,78,864,,
奥林匹克运动会,8-1 19:59,"【🏆体操冠军梦——女子跳马高低杠单项结果出炉】

#东京奥运会# 体操单项赛首日收工，在刚刚结束的高低杠比赛中，比利时名将尼娜·德尔瓦埃勒以总分15.200分的成绩夺得该项目的冠军。

小花芦玉菲 @LYF芦玉菲 一扫此前比赛的阴霾，稳定发挥，排在第4名。另外，老将范忆琳 @范忆琳 是本次中国女子体操队唯一一位之前参加过奥运会的老将，在此前的测试赛和资格赛中获得了优异的成绩，但遗憾落地失误排在第7名。

比赛最终结果如下：

🥇冠军：🇧🇪 尼娜·德尔瓦埃勒
🥈亚军：ROC 伊利扬科娃
🥉季军：🇺🇸 苏妮莎·李

另外，恭喜此前在女子跳马项目中安德雷德为巴西获得首块金牌，美国名将斯金内尔获得银牌，韩国选手吕瑞静摘铜。

🕓明日下午4点，中国选手刘洋 @刘洋Lyoung 和尤浩 @尤浩why 将出战男子吊环的比赛，让我们共同期待！

#奥运会#｜#共同强大#",14,56,573,,
奥林匹克运动会,8-3 23:00,"【东京奥运会每日要闻回顾（8月3日）】

中国小花包揽女子平衡木冠亚军；邹敬园男子双杠绝对优势夺金;谢思埸王宗源包揽男子三米板金银牌；刘浩/郑鹏飞获男子双人划艇亚军；汤普森卫冕女子200米；男子400米栏破世界纪录；巴西西班牙会师男足决赛，东道主日本队将与墨西哥争夺铜牌…

来回顾一下8月3日都有哪些奥运新闻吧。

点击【网页链接】前往@东京2020年奥运会 官方网站。或前往应用商城搜索并下载【奥林匹克】官方APP，了解最新赛事动态。

#奥运会# ｜#共同强大# ｜#东京奥运会# 东京奥运会每日要闻回顾（8月3日）",7,46,440,,
骆明微博,8-2 16:48,#东京奥运会# 巴掌戏法达成!,7,18,63,,
足球上海滩姬宇阳,8-2 17:41,"下班前疯狂刷一波金牌。1分钟2金，10分钟3金，半小时4块金牌。

已经28，很快要破30了吧。#东京奥运会#",10,50,173,,
VolleyballWorld排球世界,8-3 13:44,#东京奥运会# 室内男排1/4决赛，日本男排🇯🇵 0-3 不敌巴西男排🇧🇷无缘晋级，巴西男排🇧🇷晋级4强！三局比分为20-25/22-25/20-25 #Volleyball#,69,51,514,,
奥林匹克运动会,8-2 11:19,"【跨过终点线！卡马乔·奎因夺得女子100米栏冠军】

🏃♀️🚧 在刚刚结束的东京奥运会女子100米跨栏决赛，🇵🇷波多黎各名将贾丝明·卡马乔·奎因以12.37秒夺冠，🇺🇸美国选手肯德拉·哈里森以12.52秒获得亚军，🇯🇲牙买加选手梅根·塔佩尔以12.55秒位居季军。

☝️值得一提的是，奎因在半决赛所跑出的12.26秒，一举打破了尘封九年的奥运会纪录！再一次恭喜奎因 👏

#共同强大# ｜#东京奥运会# ｜#奥运会#",6,28,290,,
Houson猴姆,2小时前,恭喜#中国队夺女子乒乓团体赛金牌#！这也是奥运会上#国乒女团四连冠#！看完这场比赛四字点评！！！,27,66,286,@Houson猴姆:,#中国队夺女子乒乓团体赛金牌# #国乒女团VS日本女团#没问题！恭喜中国女乒3:0狂砍日本女乒拿下2020东京奥运会乒乓球女团决赛冠军！！为中国代表团收获本届奥运会第34金！这也是奥运会#国乒女团四连冠#！[金牌]
陈君乐,8-4 02:51,这图值得收藏一下！#东京奥运会# 参赛国（地区）旗帜一图打尽，你能在里面认出多少面？,18,29,87,,
篮球大历史,8-3 21:58,"“犹记当年半空驰，不觉青春已四十。”

#全场为斯科拉鼓掌# #围观奥运会# #东京奥运会#",312,104,1468,,
WTA国际女子网球协会,8-2 08:41,"开始👈👉结束

男单银牌+混双金银牌，俄奥队五人站上领奖台，本次#东京奥运会#之行可谓收获满满",6,28,170,,
Marchisio,8-2 22:07,意大利100米夺冠真相。 #东京奥运会#,28,14,183,,
篮球大图,8-3 19:00,羽毛球方面的GOAT，唯一两夺奥运金牌的羽毛球男单选手，唯一男单双圈大满贯得主！林丹，yyds！#围观奥运会# #东京奥运会# 篮球大图的微博视频,33,36,320,,
萨村小推,8-3 20:53,常规时间比赛结束，西班牙国奥0-0日本国奥，比赛进入加时赛。#奥运会##东京奥运会#,7,37,208,,
VolleyballWorld排球世界,8-3 23:21,"#东京奥运会# 室内男排1/4决赛，俄罗斯奥委会男排、巴西男排、阿根廷男排、法国男排分别战胜各自对手晋级四强，赛果如下：
加拿大男排🇨🇦 0-3 不敌俄罗斯奥委会男排（ROC）无缘晋级，俄罗斯奥委会男排（ROC）率先晋级4强！三局比分为21-25/28-30/22-25
日本男排🇯🇵 0-3 不敌巴西男排🇧🇷无缘晋级，巴西男排🇧🇷晋级4强！三局比分为20-25/22-25/20-25
意大利男排🇮🇹 2-3不敌阿根廷男排🇦🇷无缘晋级，阿根廷男排🇦🇷晋级4强！五局比分为25-21/23-25/22-25/25-14/12-15
波兰男排🇵🇱 2-3 不敌法国男排🇫🇷无缘晋级，法国男排晋级4强！五局比分为25-21/22-25/25-21/21-25/9-15

更多精彩资讯&视频请关注#VolleyballWorld# 官网！",17,32,150,,
奥林匹克运动会,8-2 11:43,"🤼【中国男女子选手将争夺摔跤项目铜牌战】

#东京奥运会#摔跤比赛继续进行，在女子自由式摔跤76公斤级的复活赛里，中国选手周倩@honey0311honey周倩 经过苦战以2比1险胜白俄罗斯对手。在早前结束的男子古典式60公斤级复活赛中，另一位中国选手瓦里汗-赛里克战胜了阿尔及利亚对手，获得该项目铜牌赛争夺机会。

⏰北京时间今天18:30，瓦里汗-赛里克将出战男子古典式60公斤级铜牌战。
⏰北京时间今天19:55，周倩将出战女子自由式76公斤级铜牌战。

#奥运会# | #共同强大#",17,23,349,,
VolleyballWorld排球世界,8-3 13:38,#东京奥运会# 室内男排1/4决赛，日本男排🇯🇵 20-25 巴西男排🇧🇷连丢三局，大比分0-3无缘晋级，巴西男排🇧🇷晋级4强！#Volleyball#,32,33,297,,
奥林匹克运动会,8-2 20:50,"【回味】
💓在24小时前的此刻，你的心跳有多快？

#东京奥运会# | #奥运会# | #共同强大#",11,22,250,,
VolleyballWorld排球世界,8-3 22:56,#东京奥运会# 室内男排1/4决赛，波兰男排🇵🇱 9-15 法国男排🇫🇷丢掉决胜局，大比分2-3输掉比赛无缘晋级，法国男排晋级4强！#Volleyball#,40,76,364,,
9527的篮球梦,2小时前,THE BLOCK 东京奥运特供版 #东京奥运会# 9527的篮球梦的微博视频,7,22,77,,
我爱女排,14小时前,"#东京奥运会# #中国女排#
东京出发，北京到家，我们都在 我爱女排的微博视频",113,192,1890,,
奥林匹克运动会,8-4 11:00,"🛹 东京#奥运会# 滑板公园赛预赛结束，四组选手献上精彩比赛！

🇯🇵日本选手冈本碧优最后一轮以58.51的高分反超🇬🇧英国选手斯凯·布朗，跃居预赛排名第一。🇨🇳中国选手@张鑫skateboarding 稳定发挥完成了全部动作，以28.16分刷新了自己的前两轮成绩，最终总分位列第15位，未能晋级决赛。

这场比赛中，滑板新生力量表现亮眼，预赛前三名选手年龄均不超过16岁。目前选手们将紧锣密鼓地参加中午进行的决赛，让我们持续关注这场“板上较量”！

#东京奥运会# | #共同强大#",13,51,303,,
萨村小推,8-3 19:34,在奥运会半决赛西班牙国奥的佩德里，本赛季已经踢了70➕场比赛。 #奥运会##东京奥运会#,16,60,439,,
奥林匹克运动会,8-2 19:31,"她，就站在那里。
以信念，激励着一代又一代人。

#东京奥运会# | #奥运会# | #共同强大#",412,160,4010,,
VolleyballWorld排球世界,8-3 23:04,#东京奥运会# 室内男排1/4决赛，波兰男排🇵🇱 2-3 不敌法国男排🇫🇷无缘晋级，法国男排晋级4强！五局比分为25-21/22-25/25-21/21-25/9-15 #Volleyball#,41,63,226,,
张曼联,8-2 18:04,"卢布列夫#东京奥运会#混双夺冠的神奇之旅

图1-2：与帕芙柳琴科娃庆祝兑现金牌点🏅️
图3：带领取得奖牌的俄罗斯成员大合影📷
图4：路过采访区向卡拉采夫维斯尼娜送上香吻安慰😘
图5：与男单金牌得主兹维列夫有爱互动
图6：奥运会经典表情包get（图片by@wowkimyh ）",25,33,235,,
北京晚报,2小时前,【#国乒女团3比0横扫日本#！夺得第34金】祝贺#国乒女团四连冠#！祝贺国乒！#国乒女团VS日本女团#,39,33,866,@人民日报:,【#国乒女团3比0横扫日本#！夺得第34金】东京奥运会乒乓球女团决赛，中国乒乓球女团战胜日本，夺得金牌，日本队获得银牌，中国香港队摘铜。祝贺#国乒女团四连冠#！祝贺国乒！#国乒女团VS日本女团#
萨村小推,昨天 23:33,佩德里：“如果有人在赛季开始时告诉我今年要打73场比赛，我会为巴萨首发，我会参加奥运会决赛，那么我会告诉他他疯了。”#东京奥运会##奥运会#,26,39,612,,
VolleyballWorld排球世界,8-4 16:50,#东京奥运会# 室内女排1/4决赛，塞尔维亚女排🇷🇸 25-14 意大利女排🇮🇹再胜一局，大比分2-0领先！#Volleyball#,16,124,382,,
萨村小推,8-3 18:46,38岁阿尔维斯带领巴西国奥晋级奥运会决赛。#奥运会##东京奥运会#,9,45,635,,
VolleyballWorld排球世界,8-1 21:35,#东京奥运会# 室内男排第五比赛日，日本男排🇯🇵 3-2 战胜伊朗男排🇮🇷，五局比分为25-21/20-25/29-31/25-22/15-13 #Volleyball#,266,115,1174,,
VolleyballWorld排球世界,8-1 21:35,#东京奥运会# 室内男排第五比赛日，日本男排🇯🇵 3-2 战胜伊朗男排🇮🇷，五局比分为25-21/20-25/29-31/25-22/15-13 #Volleyball#,266,115,1174,,
VolleyballWorld排球世界,8-3 13:06,#东京奥运会# 室内男排1/4决赛，日本男排🇯🇵 22-25 巴西男排🇧🇷再丢一局，大比分0-2落后！#Volleyball#,14,29,109,,
VolleyballWorld排球世界,8-4 17:18,#东京奥运会# 室内女排1/4决赛，塞尔维亚女排🇷🇸 25-21 意大利女排🇮🇹连胜三局，大比分3-0拿下比赛晋级4强，意大利女排无缘晋级！#Volleyball#,73,179,807,,
VolleyballWorld排球世界,8-3 18:11,#东京奥运会# 室内男排1/4决赛，意大利男排🇮🇹 25-14 阿根廷男排🇦🇷拿下第四局，大比分2-2战平！#Volleyball#,12,26,112,,
奥林匹克运动会,8-2 20:49,"🏸【丹麦选手安赛龙夺得羽毛球男单金牌，谌龙摘银】

🏅#东京奥运会#羽毛球男子单打决赛，🇩🇰丹麦选手安赛龙@安赛龙ViktorAxelsen 2-0击败🇨🇳中国选手@谌龙 ，为丹麦队夺得一枚金牌

🥈卫冕冠军🇨🇳@谌龙 获得银牌

🥉🇮🇩印尼选手金庭收获铜牌

#奥运会# | #共同强大#",69,63,589,,
奥林匹克运动会,4小时前,"🏓️乒乓球女团金牌赛——中国 vs. 日本
🏅️谁能站上奥运之巅？

⏰18点30分，精彩正在上演！

#奥运会#｜#东京奥运会#｜#共同强大#",8,42,257,,
足球话题,8-1 12:45,"一个敢頒獎，一个敢带！你们都忘了冠军是中间的吗😂 #东京奥运会#

｜#围观奥运会# ｜ 足球话题的微博视频",131,229,2637,,
风息神泪,2小时前,红旗给运动员送车了！大手笔！可！//@一汽红旗:每一位中国健儿都是中国骄傲，红旗将为本次东京奥运会中国奥运代表团的获得金牌的每名运动员敬赠红旗H9一台； 为获得银、铜牌的每名运动员敬赠红旗H9产品使用权； 如运动员得牌不止一块，则按所得奖牌中最高等级赠送一次,486,73,1292,@一汽红旗:,"#为中国健儿送红旗H9#
听说有个冠军小哥哥想要红旗车？我们早就在准备啦！
#东京奥运会#中国奥运代表团的健儿们，每一块奖牌，都是一次红旗飘扬。每一次红旗飘扬，都值得红旗H9伴你同行！
所以，我们来啦
中国队，YYDS！#谢谢为中国拼搏的你#"
VolleyballWorld排球世界,8-3 23:29,"#东京奥运会# 室内女排1/4决赛（8月4日）赛程如下：

08:00韩国女排🇰🇷🆚土耳其女排🇹🇷
12:00多米尼加女排🇩🇴 🆚美国女排🇺🇸
16:00 塞尔维亚女排🇷🇸🆚意大利女排🇮🇹
20:30 巴西女排🇧🇷🆚俄罗斯奥委会女排（ROC）",656,164,565,,
VolleyballWorld排球世界,8-4 09:36,#东京奥运会# 室内女排1/4决赛，韩国女排🇰🇷 28-26 土耳其女排🇹🇷拿下第三局，大比分2-1领先！#Volleyball#,57,110,381,,
王石,8-3 09:42,#东京奥运会# 精彩瞬间,27,63,367,,
萨村小推,8-3 22:18,佩德里在329天内参加了73场比赛，平均4.5天一场比赛，还基本都是首发。#奥运会##东京奥运会#,37,78,864,,
足球话题,8-2 14:54,"#东京奥运会# 看奥运会的，我就想知道——有多少人，能知道这个是哪国国旗

｜#围观奥运会# ｜ 足球话题的微博视频",89,136,2433,,
ATP巡回赛,8-2 08:55,"🎙️ 兹维列夫：没有比这更美妙的了

夺得#东京奥运会# 男单金牌后，🇩🇪兹维列夫说：“没有比这更美妙的事情了，你不仅仅是为自己，而是为你的国家而战，奥运会是世界上最盛大的体育赛事，我此刻这种美好的感觉，真的是任何时候都无法超越。”

获得银牌的🇷🇺卡恰诺夫说：“从头到尾他都打出了一场不可思议的比赛，虽然我也打得很出色，但是他的表现要更好，我的梦想是一枚金牌，所以我会在下届奥运会继续努力。”",4,25,216,,
VolleyballWorld排球世界,8-3 18:37,#东京奥运会# 室内男排1/4决赛，意大利男排🇮🇹 2-3不敌阿根廷男排🇦🇷无缘晋级，阿根廷男排🇦🇷晋级4强！五局比分为25-21/23-25/22-25/25-14/12-15 #Volleyball#,89,78,296,,
克母鸡,8-2 10:30,"母鸡本尊发推，祝贺妮娜·德瓦尔昨晚拿到#东京奥运会# 高低杠项目的金牌，也是比利时代表队的首金[金牌]

这位妮娜大家很眼熟吧？

没错，就是开赛前带德约一起拉筋一起飞的那位小姐姐......",20,53,429,,
VolleyballWorld排球世界,8-4 16:27,#东京奥运会# 室内女排1/4决赛，塞尔维亚女排🇷🇸 25-21 意大利女排🇮🇹先胜一局，大比分1-0领先！#Volleyball#,8,95,304,,
新浪体育,8-2 17:16,#围观奥运会# 【#中国队女子场地自行车赛夺金#】中国第28金！东京奥运会场地自行车女子团体争先赛，由@钟天使-cycling 和鲍珊菊组成的中国队战胜了德国队，夺得金牌！#每一程都了不起#,6620,7615,0,,
ATP巡回赛,8-3 11:45,"🎙午间话题🎙

赢得#东京奥运会# 男单金牌后，兹维列夫接受家乡媒体采访时表示下一个目标是大满贯冠军。他期待自己能赢得所有大满贯的冠军。

那么你认为他机会最大的是哪一项？
🎥：Sabine's IG",16,72,273,,
VolleyballWorld排球世界,9小时前,#东京奥运会# 室内男排半决赛，巴西男排🇧🇷 1-3 不敌俄罗斯奥委会男排（ROC）无缘决赛，俄罗斯奥委会男排晋级决赛！四局比分为25-18/21-25/24-26/23-25 #Volleyball#,46,69,449,,
VolleyballWorld排球世界,9小时前,#东京奥运会# 室内男排半决赛，巴西男排🇧🇷 1-3 不敌俄罗斯奥委会男排（ROC）无缘决赛，俄罗斯奥委会男排晋级决赛！四局比分为25-18/21-25/24-26/23-25 #Volleyball#,46,69,449,,
VolleyballWorld排球世界,8-4 22:44,#东京奥运会# 室内女排1/4决赛，巴西女排🇧🇷 3-1 战胜俄罗斯奥委会女排（ROC）晋级4强，俄罗斯奥委会女排无缘晋级！四局比分为23-25/25-21/25-19/25-22 #Volleyball#,30,137,498,,
足球上海滩姬宇阳,8-3 21:56,"最终，巴西和西班牙会师#东京奥运会# 男足决赛。

日本国奥队被西班牙挡在了决赛门外。加时赛打到115分钟，皇马球星阿森西奥的一脚射门，帮助球队晋级决赛。

再过一个月，9月7日，中国男足将在世预赛12强赛中和日本男足相遇。",14,109,136,,
排球工作室,8-4 10:59,【女排赛果】#东京奥运会# 女排1/4决赛第一场，金软景领衔的韩国女排再度带来惊喜，17-25、25-17、28-26、18-25、15-13惊险淘汰土耳其女排，拿到四强的第一张门票。本场比赛金软景拿下全场最高的28分，土耳其接应博兹拿到24分,17,44,201,,
黑叔聊球,8-4 16:04,"#东京奥运会# 剩下赛程夺金点：金牌榜目前来看美国必须超水平发挥才可能金牌榜上超过中国，当然我们希望中国绝对是正常发挥，甚至中国也可以超水平发挥，因此这将非常有可能是中国第一次在国外进行的奥运会当中，在金牌榜上超过美国。以下夺金点在机构给出的水位来看，支持力度也是绝对够的。希望中国奥运代表团在剩下的5天比赛日中应该颗粒归仓，力争金牌榜第一。

夺金点1
女子团体赛，派出陈梦，孙颖莎，王曼昱三位女将。那这枚女子团体金牌将稳稳拿在我们自己手里。

夺金点2
男子乒乓球团体赛，在这个项目上也是连续三届奥运会的冠军，这次派出，六边形战士马龙，樊振东，许昕等三位猛男，那这次也必将延续之前的结果。

夺金点3
女子单人十米跳台，中国将派出双保险，全红婵和陈芋汐，势必将这枚金牌收入囊中。

夺金点4
跳水男子十米跳台，曹缘和杨健对这枚金牌保驾护航。

夺金点5
田径 20公里竞走，中国田径军团将派出杨家玉（2017年世锦赛冠军、世界纪录保持者），刘虹（2016年奥运会冠军、3届世锦赛冠军），切阳什姐（2012年奥运会亚军、2019年世锦赛亚军），替补：吕秀芝，组成的竞走军团，势必要创造历史，锁定冠军。",12,7,109,,
羽毛球杂志,8-2 20:44,"奥运会羽毛球比赛结束，国羽获2金[金牌]4银[银牌]

至此，2020东京奥运会羽毛球比赛全部结束。中国队的陈雨菲和王懿律/黄东萍夺得金牌、谌龙、李俊慧/刘雨辰、陈清晨/贾一凡、郑思维/黄雅琼夺得银牌，共夺得2金[金牌]4银[银牌]，位列羽毛球奖牌榜榜首！

三年后，我们巴黎奥运会见！

图片:@大頭shitang

#世说新羽##东京奥运会# #中国羽毛球队获2金4银#",105,48,611,,
BWF世界羽联,5小时前,"#东京奥运会#男单冠军🏅️

“谌龙很有风度地来到我的场地，向我表示祝贺并称赞我的表现。我告诉他，是他一直激励着我来到这里。” —— 安赛龙🇩🇰",14,35,371,,
围观奥运会,8-2 11:14,【直播预告】8月2日20:00，@谌龙 将与丹麦名将@安赛龙ViktorAxelsen 争夺#东京奥运会#羽毛球男单金牌，新浪体育连麦节目#哨响之后#邀请资深媒体人@盛云飞 担任主持人，连麦记者@糖炖装圆 @叫我婷姐就很好 解说员@体育评论员--鸿昆geilivable ，一起和大家边看球边聊天，直播间更有红包福利抢不完！#哨响之后# 网页链接 围观谌龙冲击金牌,46,116,573,,
黄健翔,8-1 20:10,#东京奥运会##围观奥运会# 看奥运会，已经很久内心毫无波澜了，因为，咱们金牌已经拿的太多了。但是，今晚，我不行了，我居然像个一百多斤的孩子一样，坐立不安了……因为苏炳添的百米决赛！期待，紧张，激动，胡思乱想……,44,117,808,,
VolleyballWorld排球世界,8-4 08:56,#东京奥运会# 室内女排1/4决赛，韩国女排🇰🇷 25-17 土耳其女排🇹🇷扳回一局，大比分1-1战平！#Volleyball#,14,54,192,,
祝福体操小花们_,8-2 21:20,#奥运会# #东京奥运会# Simone Biles确已开始平衡木训练，不过Skinner在今天的采访里透露，Biles正在尝试后屈两周下。大概此前所说的“转体时的空间感知能力障碍”并没有完全恢复（大意是在空中转体时不知道该怎么翻转，无法控制身体，不知道自己在空中哪里，也不知道怎么落地，甚至不能保证是脚先着地还是头先着地，主要只影响转体类空翻，对不带转体的两周空翻影响较小），只是因为她的平衡木没有转体类空翻，所以对她来说没有太大影响，唯一可能有影响是下法的团360/720旋下，她有可能不会冒险使用（但没到上场也无法确定…）,14,56,274,,
友的说,11小时前,东京奥运会在一片争议声中开幕，现在也进入了倒计时。关注本届奥运会期间的热搜，总感觉透着一股“娱星”味……今日和业内的朋友沟通才知道，原来是往日 YXH 的团队集体转战奥运会了，难怪是这样的结果。我很好奇地问，他们懂体育项目吗？人家直接回复我，不需要懂啊，把网综那一套直接挪过来就是了！#一起看奥运#,463,173,4858,,
环球网,15小时前,【转存东京奥运会今日赛程，为中国健儿加油！】今天，东京奥运会第13个比赛日：①#乒乓女团对阵日本队#；②陈芋汐、全红婵亮相跳水女子10米台决赛；③男子20公里竞走决赛，王凯华、蔡泽林、张俊出战。中国奥运健儿们，加油！#直击奥运会# 央视新闻的微博视频,17,11,189,,
围观奥运会,8-2 11:14,【直播预告】8月2日20:00，@谌龙 将与丹麦名将@安赛龙ViktorAxelsen 争夺#东京奥运会#羽毛球男单金牌，新浪体育连麦节目#哨响之后#邀请资深媒体人@盛云飞 担任主持人，连麦记者@糖炖装圆 @叫我婷姐就很好 解说员@体育评论员--鸿昆geilivable ，一起和大家边看球边聊天，直播间更有红包福利抢不完！#哨响之后# 网页链接 围观谌龙冲击金牌,46,116,573,,
98跑,10小时前,"东京奥运会男子4x100米接力预赛中，由吴智强、谢震业、苏炳添、汤星强组成的中国队跑出37秒92的成绩小组第一，成功晋级决赛。

美国队小组第六 无缘决赛！

#98跑陪你聊跑步##东京奥运会# 98跑的微博视频",85,25,441,,
足球上海滩姬宇阳,2小时前,"乒乓球女团，3比0，横扫夺冠！

#东京奥运会#",10,30,107,,
两色风景嘎,57分钟前,一家人不说两家话❤️//@江南大野花:小爱 你的福气在后头//@淮南秋实:话都这么重了，心疼！不用还，你好好的就足够了+1,592,29,651,@看看新闻KNEWS:,#看看东京奥运会#【#福原爱说自己能活到今天是因为中国人的支持#】#福原爱谈自己对中国的感情#日本乒乓球运动员福原爱，接受看看新闻东京站记者宋看看专访，谈自己对中国的感情，表示：“我能活到今天，是因为中国人的支持。” 看看新闻KNEWS的微博视频
央视新闻,8-2 07:46,【转存东京奥运会今日赛程，为中国健儿加油！】今天，东京奥运会第十个比赛日：①羽毛球决赛，女双“凡尘组合”、男单谌龙冲金；②3项世界纪录保持者李雯雯出战举重女子87公斤以上级比赛，汪周雨出战举重女子87公斤级比赛；③林俊敏、李越宏冲击射击男子25米手枪速射奖牌。更多↓#直击奥运会# 央视新闻的微博视频,470,396,4860,,
篮球大图,8-3 20:31,王春雨800米决赛最终以1分57秒00排名第五，这个成绩创造了个人最好的成绩。 #围观奥运会##东京奥运会#,9,28,282,,
闻汤识面泡剧,8-4 08:03,#东京奥运会# 8月4日 今天的赛程安排 #奥运会赛程#,80,80,564,,
祝福体操小花们_,8-1 20:11,#奥运会# #东京奥运会# 女子高低杠决赛部分视频网页链接 高低杠决赛大小失误不断。比利时选手Nina Derwael虽非最佳发挥，但凭借难度优势轻松夺冠（6.7+8.5）；俄罗斯奥运队选手Anastasiia Iliankova获得亚军（6.3+8.533）；美国选手Sunisa Lee三处0.2的连接未能连上，仅获铜牌（6.2+8.3）；芦玉菲克服团体和全能掉杠阴影，顺利完赛，但屈叶没连上pak，最终排名第四，以0.1分之差无缘奖牌（6.0+8.4）；范忆琳下法坐地，遗憾排名第七（6.4+7.5）,109,336,2395,,
皇家马德里情报站,8-3 21:45,"#东京奥运会# 阿森西奥绝杀将西班牙带入决赛！
笑笑好棒，太帅了！！！",35,11,147,,
VolleyballWorld排球世界,8-2 15:50,#东京奥运会# 室内女排第五比赛日，俄罗斯奥委会女排（ROC）10-15 土耳其女排🇹🇷丢掉决胜局，大比分2-3输掉比赛！ #Volleyball#,11,60,203,,
VolleyballWorld排球世界,8-4 10:33,#东京奥运会# 室内女排1/4决赛，韩国女排🇰🇷 3-2 战胜土耳其女排🇹🇷率先晋级，土耳其女排无缘4强！五局比分为17-25/25-17/28-26/18-25/15-13 #Volleyball#,184,231,1797,,
VolleyballWorld排球世界,9小时前,#东京奥运会# 室内男排半决赛，巴西男排🇧🇷 23-25 俄罗斯奥委会男排（ROC）丢掉第四局，大比分1-3无缘决赛，俄罗斯奥委会男排晋级决赛！#Volleyball#,26,53,230,,
VolleyballWorld排球世界,9小时前,#东京奥运会# 室内男排半决赛，巴西男排🇧🇷 24-26 俄罗斯奥委会男排（ROC）丢掉第三局，大比分1-2落后！#Volleyball#,7,48,130,,
VolleyballWorld排球世界,8-2 15:26,#东京奥运会# 室内女排第五比赛日，俄罗斯奥委会女排（ROC）25-15 土耳其女排🇹🇷拿下第四局，大比分2-2追平！ #Volleyball#,5,38,74,,
两色风景嘎,57分钟前,一家人不说两家话❤️//@江南大野花:小爱 你的福气在后头//@淮南秋实:话都这么重了，心疼！不用还，你好好的就足够了+1,592,29,651,@看看新闻KNEWS:,#看看东京奥运会#【#福原爱说自己能活到今天是因为中国人的支持#】#福原爱谈自己对中国的感情#日本乒乓球运动员福原爱，接受看看新闻东京站记者宋看看专访，谈自己对中国的感情，表示：“我能活到今天，是因为中国人的支持。” 看看新闻KNEWS的微博视频
VolleyballWorld排球世界,8-4 00:01,【#东京奥运会# | 男排四强诞生，B组全员晋级！】加拿大男排输给俄奥委会男排，无缘四强；日本男排0-3不敌巴西男排；阿根廷男排3-2战胜意大利男排；法国男排逆转波兰男排，首进奥运会四强。详情请戳👇奥运会 | 男排四强诞生，B组全员晋级！,7,9,37,,
王兆丰_Mirko,8-3 14:44,"美人自古如名将，不许人间见白头。

#东京奥运会#",55,17,117,,
VolleyballWorld排球世界,8-4 10:31,#东京奥运会# 室内女排1/4决赛，韩国女排🇰🇷 15-13 土耳其女排🇹🇷拿下决胜局率先晋级，土耳其女排无缘4强！#Volleyball#,124,133,877,,
VolleyballWorld排球世界,8-2 12:42,#东京奥运会# 室内女排第五比赛日，美国女排🇺🇸 3-2 战胜意大利女排🇮🇹，五局比分为21-25/25-16/25-27/25-16/15-12 #Volleyball#,21,73,395,,
WTA国际女子网球协会,8-1 21:29,"[金牌]：帕芙柳琴科娃/卢布列夫
[银牌]：维斯尼娜/卡拉采夫
[铜牌]：巴蒂/皮尔斯🇦🇺

送上#东京奥运会#网球混双项目颁奖图，再次恭喜三组选手！",7,25,155,,
VolleyballWorld排球世界,8-4 10:08,#东京奥运会# 室内女排1/4决赛，韩国女排🇰🇷 18-25 土耳其女排🇹🇷丢掉第四局，大比分2-2战平！#Volleyball#,5,35,112,,
浙江体育最前线,8-2 12:12,"#东京奥运会#
奥运冠军杨倩除了油焖大虾还喜欢吃啥？
石智勇青梅竹马的爱情故事你想听吗？
今天（8月2日) 下午1点整
来直播间听听举重奥运冠军石智勇和射击冠军杨倩的心里话！ 浙江体育最前线的微博视频",22,2759,162,,
VolleyballWorld排球世界,8-2 15:02,#东京奥运会# 室内女排第五比赛日，俄罗斯奥委会女排（ROC）23-25 土耳其女排🇹🇷丢掉第三局，大比分1-2落后！ #Volleyball#,7,43,107,,
Real吴费曼,8-2 12:38,Nice#东京奥运会# 网页链接,36,360,3522,,
奥林匹克运动会,8-2 08:00,"♥🔥 不以成绩论定高下，
👏♥ 汇聚一心#共同强大#。

#田径# | #东京奥运会#",12,26,336,,
连睿,8-4 11:21,"#东京奥运会#
沉默走出场馆，满是遗憾。

从小组赛积累起来的能量来看，我们比她们厉害。我坚定的相信我们比塞尔维亚厉害。对抗没那么悬殊，碰上了裁判也给哨。

但就是一种诡异的味道笼罩着中国队，像一个头悬梁锥刺股的好学生突然犯困了。反击推不起速度、满场莫名的失误、害怕对方的身体等等等等。

老话会说这是“想赢怕输”，或者“背上了思想包袱”。

其实就是在一场最重要的考试里失去了解题思路，没得到好成绩。

就这么简单.....

很可惜，非常可惜。

肚子叫的厉害，坐70分钟车回东京，明天要一大早起赶飞机去北海道。东京奥运篮球，这就说再见了。

女篮不再见，许着！哪天再看见女篮绽放，我转发这条微博。

不远，就在眼前。 日本·さいたまスーパーアリーナ",11,25,128,,
VolleyballWorld排球世界,2小时前,#东京奥运会# 室内男排半决赛，法国男排🇫🇷 25-19 阿根廷男排🇦🇷再胜一局，大比分2-0领先！#Volleyball#,7,21,40,,
连睿,8-4 11:21,"#东京奥运会#
沉默走出场馆，满是遗憾。

从小组赛积累起来的能量来看，我们比她们厉害。我坚定的相信我们比塞尔维亚厉害。对抗没那么悬殊，碰上了裁判也给哨。

但就是一种诡异的味道笼罩着中国队，像一个头悬梁锥刺股的好学生突然犯困了。反击推不起速度、满场莫名的失误、害怕对方的身体等等等等。

老话会说这是“想赢怕输”，或者“背上了思想包袱”。

其实就是在一场最重要的考试里失去了解题思路，没得到好成绩。

就这么简单.....

很可惜，非常可惜。

肚子叫的厉害，坐70分钟车回东京，明天要一大早起赶飞机去北海道。东京奥运篮球，这就说再见了。

女篮不再见，许着！哪天再看见女篮绽放，我转发这条微博。

不远，就在眼前。 日本·さいたまスーパーアリーナ",11,25,128,,
VolleyballWorld排球世界,2小时前,#东京奥运会# 室内男排半决赛，法国男排🇫🇷 25-19 阿根廷男排🇦🇷再胜一局，大比分2-0领先！#Volleyball#,7,21,40,,
新浪排球,8-3 17:16,#奥运会# 日本媒体赛后称巴西男排过于强大，这道墙壁又厚又高，但日本男排奋斗到了现在已经值得肯定。1972年慕尼黑奥运会，日本男排获得了金牌，但之后的男排格局不断变化，日本男排早已不复当年。日媒认为，此次东京奥运会，石川祐希带领的日本男排水平确实有了提高。#哨响之后#,5,36,331,,
祝福体操小花们_,8-2 18:53,#奥运会# #东京奥运会# 女子自由操决赛部分视频网页链接 美国选手Jade Carey虽没有挑战直体1080旋的K组难度，但平稳发挥，凭借6.3的最高难度夺冠（6.3+8.066）；意大利老将Vanessa Ferrari获得银牌（5.9+8.3）；东道主日本选手村上茉愛与俄罗斯奥运队选手Angelina Melnikova的总分、D分与E分均完全相同，最终并列第三，共同获得铜牌（5.9+8.266）。,42,112,637,,
骆明微博,8-2 20:48,#东京奥运会# 国羽今天遗憾连输两个决赛，结果胜利者都哭成了泪人。,5,27,49,,
骆明微博,8-4 21:43,#东京奥运会# 德格拉塞后程发力，超越美国对手（二三四名都是美国人），赢得男子200米决赛，是1928年以来夺得此冠的第一个加拿大人。上届他拿到200米银、100米铜，本届又拿到100米铜，在200米终于夺得金牌。,5,25,129,,
虎扑篮球,2小时前,"法国男篮战胜斯洛文尼亚，决赛将对阵美国男篮

东京奥运会男篮半决赛，法国90-89战胜斯洛文尼亚，晋级决赛。决赛将在8月7日10:30进行，对阵双方为法国和美国。斯洛文尼亚将与澳大利亚争夺铜牌，铜牌赛将在8月7日19:00进行。
球员数据：

法国：德科洛25分7篮板5助攻，富尼耶23分5篮板3助攻，卢瓦乌15分5篮板。

斯洛文尼亚：东契奇16分10篮板18助攻，麦克-托贝23分8篮板2助攻，克莱门-普雷佩利奇17分1篮板3助攻。
#上虎扑关注奥运会专区#",24,98,293,,
VolleyballWorld排球世界,8-2 15:57,#东京奥运会# 室内女排第五比赛日，俄罗斯奥委会女排（ROC）2-3 不敌土耳其女排🇹🇷，五局比分为25-21/23-25/23-25/25-15/10-15 #Volleyball#,6,33,116,,
VolleyballWorld排球世界,8-2 20:43,#东京奥运会# 室内女排第五比赛日，日本女排🇯🇵 1-3 不敌多米尼加女排🇩🇴，四局比分为10-25/23-25/25-19/19-25 #Volleyball#,130,646,0,,
篮球大图,8-2 17:55,中国女篮比赛内容打得真好，刚刚74-62击败比利时，小组赛三战全胜以小组第一的成绩晋级8强！#围观奥运会##东京奥运会#,10,47,242,,
杜兰特中文网,8-3 11:33,"KD赛前冲浪：
“永远不要为了魔鬼的满足而吞下诽谤的谎言”

#杜兰特##东京奥运会##奥运会#",5,33,276,,
Houson猴姆,8-2 13:01,太甜了！昨晚#东京奥运会#男子百米飞人大战新冠军意大利的雅各布斯夺冠后，刚拿下跳高冠军的意大利选手坦贝里就跑过来跟他庆祝。这还不算完，就在雅各布斯后来接受采访时，坦贝里又来了！这互动！还盖着国旗亲亲～～那响亮的一声😘！！！哈哈哈～～ Houson猴姆的微博视频,687,341,4955,,
虎扑篮球,8-2 16:50,"第27金！张常鸿夺射击男子50米步枪三姿金牌

东京奥运会射击男子50米步枪三姿决赛，中国队选手张常鸿以跪姿155.6分排名第一，卧姿以312.6分排名第一，站姿以413.6分排名第一，总分466.0刷新世界纪录。以绝对实力夺得金牌。值得一提的是中国射击队在本届东京奥运会已经夺得了四块金牌一块银牌和六块铜牌。

张常鸿，2000年2月14日出生于山东省龙口市，2018年澳大利亚射击世青杯步枪三姿冠军。
#上虎扑关注奥运会专区#",7,37,204,,
Houson猴姆,8-1 21:47,"卧槽！日本男排小组第三进八强！刚刚结束的#东京奥运会#男排A组最后一场小组赛，日本男排3:2艰难战胜伊朗，成为A组最后一支晋级八强的球队，并且积分反超加拿大，跃升至小组第三！五局比分为25-21, 20-25, 29-31, 25-22, 15-13。这样A组最终排名如下：
排名 队伍 胜负 积分
1. 波兰 4胜1负 13分（出线）
2. 意大利 4胜1负 11分（出线）
3. 日本 3胜2负 8分（出线）
4. 加拿大 2胜3负 7分（出线）
5. 伊朗 2胜3负 6分（淘汰）
6. 委内瑞拉 5负 0分（淘汰）",65,185,1830,,
嘟嘟酱啊啊啊,8-2 18:36,"霓虹，人类低质量哔（la）哔（ji）
#东京奥运会# 嘟嘟酱啊啊啊的微博视频",34,138,1175,,
VolleyballWorld排球世界,8-2 12:36,#东京奥运会# 室内女排第五比赛日，美国女排🇺🇸 15-12 意大利女排🇮🇹拿下决胜局，大比分3-2拿下比赛！#Volleyball#,11,79,423,,
新浪排球,8-2 09:23,#东京奥运会# 【塞尔维亚女排3-0韩国夺第4胜 博斯科维奇贡献13分】8月2日，2020年东京奥运会女排小组赛展开第5轮角逐。A组中同为3胜1负的塞尔维亚和韩国交手。塞尔维亚女排网口实力更胜一筹3-0闯关，斩获小组赛第4场胜利，三局比分为25-18、25-17和25-15。塞尔维亚的接应博斯科维奇拿下全场最高的13分。塞尔维亚以4胜1负积13分的成绩结束了小组赛征程。鉴于领跑的巴西末战弱旅肯尼亚全取3分在望，塞队大概率会以A组第2名晋级8强。韩国的战绩为3胜2负积7分落位小组第3。,4,113,624,,
孙小雪淹不死,8-3 10:08,#东京奥运会# 中国游泳队载誉归来！隔离生活第一天,43,88,1481,,
张曼联,8-1 20:31,"#东京奥运会# 俄罗斯奥运队部分获得奖牌的成员与网球选手梅德韦杰夫的合影

梅总：我很多余吗？那我走？",7,29,122,,
虎扑篮球,8-2 21:33,"夺金海报！恭喜李雯雯夺得举重女子87公斤以上级金牌

东京奥运会举重女子87公斤以上级金牌赛，中国选手李雯雯以总成绩320公斤绝对碾压的优势夺得金牌，这也是中国军团本届第29枚金牌。同时这是中国军团今日夺得的第5枚金牌。李雯雯抓举140公斤，挺举180公斤，总成绩320公斤均创造了新的奥运会纪录。

虎扑制作海报恭喜李雯雯夺得中国军团本届奥运会第29枚金牌，也祝福中国军团在本届奥运会能屡创佳绩。
#上虎扑关注奥运会专区#",4,51,412,,
虎扑篮球,8-2 21:33,"夺金海报！恭喜李雯雯夺得举重女子87公斤以上级金牌

东京奥运会举重女子87公斤以上级金牌赛，中国选手李雯雯以总成绩320公斤绝对碾压的优势夺得金牌，这也是中国军团本届第29枚金牌。同时这是中国军团今日夺得的第5枚金牌。李雯雯抓举140公斤，挺举180公斤，总成绩320公斤均创造了新的奥运会纪录。

虎扑制作海报恭喜李雯雯夺得中国军团本届奥运会第29枚金牌，也祝福中国军团在本届奥运会能屡创佳绩。
#上虎扑关注奥运会专区#",4,51,412,,
Houson猴姆,8-2 23:23,"卧槽！村姑真的碰上意面了！#东京奥运会#女排1/4决赛对阵出炉！两个小组的第二塞尔维亚和意大利真的提前相遇了！这就有意思了……另外，俄罗斯因为位居小组第四，淘汰赛将迎战A组第一的巴西，这对儿宿敌也会撕得你死我活！四场比赛将于8月4日举行。
8:00 韩国VS土耳其
12:00 多米尼加VS美国
16:00 塞尔维亚VS意大利
20:30 巴西VS俄罗斯
你看好哪四支队伍进四强呢？",92,201,1175,,
篮球大历史,8-2 21:59,男生和女生的区别！过于真实了！ #东京奥运会# #围观奥运会#,446,441,8305,,
中国国家田径队,8-2 01:18,"#东京奥运会# 在苏炳添100米决赛前@巩立姣 在颁奖仪式领取了自己的金牌，这让苏炳添“十分羡慕”，@苏炳添 说：“我现在特别想找她，让她给我拍个照。别说金牌了，我连奥运会的奖牌都没见过。我想找她借来一下拍个照。”
当记者祝福他在接力中能够冲击奖牌的时候，苏炳添满怀憧憬的说：“我也想，我也想啊……”#中国田径梦之队# #中国田径战东京# 中国国家田径队的微博视频",74,73,1408,,
虎扑篮球,8-1 20:58,"苏炳添男子百米决赛最终排名第六

东京奥运会男子百米决赛，中国选手苏炳添创造历史最终排名第六。此前的男子百米半决赛，苏炳添跑出9.83秒，创造新的亚洲纪录，以半决赛第一晋级决赛，成为中国短跑史上第一位晋级奥运会男子百米决赛的选手。

苏炳添，1989年8月29日出生于广东省中山市古镇镇古一村，暨南大学体育学院副教授，暨南大学2013级经济学院国际贸易专业研究生。男子60米、100米亚洲纪录保持者。
#上虎扑关注奥运会专区#",69,127,1336,,
虎扑篮球,1小时前,"载入史册！记者晒巴图姆奥运男篮半决赛致胜封盖照

今日，在东京奥运会男篮半决赛中，法国90-89险胜斯洛文尼亚，惊险晋级决赛。法国前锋尼古拉斯-巴图姆在比赛最后时刻对突破上篮的斯洛文尼亚球员克莱门-普雷佩利奇完成致胜封盖。

赛后，篮球记者Morten Stig Jensen通过推特晒出巴图姆的封盖图片，并写道：“多么精彩的图片。”
#上虎扑关注奥运会专区#",13,44,250,,
有养,8-4 15:03,传奇落幕，“丘妈”再见！#东京奥运会# 有养的微博视频,16,30,49,,
军武季,8-4 17:18,日本拳击手被打到躺轮椅吸氧，最终仍被裁判判赢！#东京奥运会# 军武季的微博视频,32,70,311,,
圈少爷,2小时前,祝贺！！,21,65,616,@人民日报:,【#国乒女团3比0横扫日本#！夺得第34金】东京奥运会乒乓球女团决赛，中国乒乓球女团战胜日本，夺得金牌，日本队获得银牌，中国香港队摘铜。祝贺#国乒女团四连冠#！祝贺国乒！#国乒女团VS日本女团#
足球上海滩姬宇阳,12小时前,苏炳添的弯道超车！东京奥运，苏神封神！期待决赛！#东京奥运会#,7,50,234,,
这个杀手不太冷叭,8-4 08:45,"用世界上最独特的幽默，成功化解奥运竟然出现4环的尴尬！这个创意值得称赞！
#奥运会##东京奥运会# 这个杀手不太冷叭的微博视频",23,24,565,,
央视网体育,8-1 23:01,【#东京日记# 帅萌帅萌！汪顺比心五连拍】#东京奥运会# 游泳冠军汪顺与张雨霏做客《东京日记》演播室，汪顺展示比心五连拍。迅速截屏、表情包准备！ 【视频戳链接】[东京日记]帅萌帅萌！汪顺比心五连拍,70,46,490,,
郎叔减肥塑型,8-3 20:13,"感觉今年的奥运会
会改变很多观众之前的审美
运动之美
好养眼啊
#东京奥运会#",11,51,240,,
东京2020年奥运会,8-2 21:29,"赛讯 | 乒乓球男女团体1/4决赛 🏓
今日的#东京奥运会#乒乓球项目男子团体1/4决赛、女子团体1/4决赛已结束。赛况如下：

【女子团体1/4】
中国香港 3:1 罗马尼亚
中华台北 0:3 日本
中国香港、日本晋级女团半决赛🎉🎉🎉

【男子团体1/4】
中国 3:0 法国
巴西 0:3 韩国
中国、韩国晋级男团半决赛🎉🎉🎉

明日，乒乓球团赛将继续上演，让我们持续关注",18,133,804,,
Houson猴姆,2小时前,这是法国男篮历史上第三次闯入奥运会决赛，之前在1948年和2000年获得过亚军！值得一提的是，目前正在进行的#东京奥运会#男排半决赛，法国男排已经2比0大比分领先阿根廷男排，有望进入男排决赛创造法国男排历史！,7,13,64,@Houson猴姆:,#法国男篮VS斯洛文尼亚男篮#法国男篮90:89淘汰斯洛文尼亚男篮挺进#东京奥运会#男篮决赛！！太刺激了！！！这是法国男篮历史上第三次闯入奥运会决赛，之前在1948年和2000年获得过亚军！周六中午10点半将与美国争夺冠军！
酷仔君-,8-4 04:02,"奥运女篮09:00 中国VS塞尔维亚#东京奥运会#
奥运女篮12:40 澳大利亚VS美国
中国女篮近几年进步神速，本届奥运会战胜世界亚军澳大利亚队，虽然塞尔维亚女篮声名在外，但阵中的球员有点年纪了，冲击力较弱。更多资讯：每日足蓝三串一",27,27,28,,
98跑,10小时前,"东京奥运会男子4x100米接力预赛中，由吴智强、谢震业、苏炳添、汤星强组成的中国队跑出37秒92的成绩小组第一，成功晋级决赛。

美国队小组第六 无缘决赛！

#98跑陪你聊跑步##东京奥运会# 98跑的微博视频",85,25,441,,
孙小雪淹不死,8-2 00:06,#东京奥运会# “世界未解之谜”男子4×100米混合泳接力决赛，中国队第三棒孙佳俊到底哪犯规？没抢跳，15米前出水～那是蝶泳腿不规范？还是转身双手不规范？ 孙小雪淹不死的微博视频,9,27,76,,
头条新闻,3小时前,#叙利亚选手夺牌后举起阵亡战友照片#,34,21,345,@新浪军事:,"【#叙利亚选手夺牌后举起阵亡战友照片# 】据@观察者网 报道：当地时间8月4日，在东京奥运会举重男子109公斤以上级决赛中，叙利亚举重选手曼·阿萨德以总成绩424公斤获得铜牌，这是叙利亚在本届东京奥运会荣获第一章奖牌，也是叙利亚历史上第四枚奥运奖牌。

在颁奖仪式上，这位来自叙利亚的季军举起了他的训练伙伴和战友卡西姆的照片。

卡西姆和曼·阿萨德同为举重运动员，在叙利亚内战爆发以后，叙利亚反政府军占领了他的家乡哈马。随后他和他的兄弟都参加了叙利亚政府军空军特种25师“老虎部队”，2019年，他和卡西姆参加了叙利亚政府军解放哈马西北部的作战，卡西姆在叙利亚北部作战时牺牲。"
广州日报,3小时前,#国乒女团VS日本女团#第二场，“小魔王”孙颖莎3:1战胜伊藤美诚，实现本届奥运会对伊藤两连胜，助中国队大比分2:0领先！,12,24,214,@广州日报:,#快讯#【#国乒女团VS日本女团# 中国1:0领先！】东京奥运会乒乓球女团决赛，第一场中国组合陈梦/王曼昱VS日本组合石川佳纯/平野美宇 ，最终陈梦/王曼昱3:1取胜，为中国队拿下一分！第二场比赛，#孙颖莎再战伊藤美诚# ！（图：视觉中国）
VolleyballWorld排球世界,昨天 23:53,【#东京奥运会# | 韩国、巴西顽强逆转；美国、塞尔维亚轻松晋级，这个四强阵容你猜到了吗？】韩国女排顽强战胜土耳其女排；美国女排3-0轻取多米尼加女排；塞尔维亚女排3-0完胜意大利女排；巴西女排3-1逆转俄奥委会女排，时隔九年重回奥运四强。详情请戳👇奥运会 | 韩国、巴西顽强逆转；美国、塞尔维亚轻松晋级，这个四强阵容你猜到了吗？,5,20,118,,
虎扑篮球,1小时前,"难阻失利！东契奇砍下16分10篮板18助攻

东京奥运会，男篮半决赛，斯洛文尼亚89-90惜败法国。此役东契奇拼尽全力，砍下三双数据。本场比赛，东契奇出场36分钟，投篮18中5，其中三分9中2，得到16分10篮板18次助攻。
#上虎扑关注奥运会专区#",6,34,145,,
广州日报,3小时前,#国乒女团VS日本女团#第二场，“小魔王”孙颖莎3:1战胜伊藤美诚，实现本届奥运会对伊藤两连胜，助中国队大比分2:0领先！,12,24,214,@广州日报:,#快讯#【#国乒女团VS日本女团# 中国1:0领先！】东京奥运会乒乓球女团决赛，第一场中国组合陈梦/王曼昱VS日本组合石川佳纯/平野美宇 ，最终陈梦/王曼昱3:1取胜，为中国队拿下一分！第二场比赛，#孙颖莎再战伊藤美诚# ！（图：视觉中国）
王石,12小时前,"#人与植物##东京奥运会# 日本3·11大地震后农作物减产，福岛组建了一个非营利性组织推广花卉种植，以推动经济重启。洋桔梗种植在福岛蓬勃发展。

洋桔梗花色典雅明快，花形别致可爱，国际上十分流行的盆花和切花种类。原生于中美洲，现代栽培是在日本兴旺起来的。
东京奥组委透露，本届奥运会上将送出和奖牌数量相等的5000束鲜花，并坦言花束中含有福岛地区所产的洋桔梗。
洋桔梗花语“不变的爱”。",9,24,85,,
賣勾靠杯,8-4 16:03,運動男子攀岩組西班牙18歲選手Alberto Ginés López 可愛！#东京奥运会#,61,102,297,,
Houson猴姆,8-3 14:07,#东京奥运会#男排第二场1/4决赛结束，没有任何悬念，现世界排名第一的巴西男排直落三局战胜日本挺进四强，半决赛将对阵俄罗斯！三局比分为25-20、25-22、25-20！,14,45,275,,
张曼联,8-2 10:07,"【伤病折磨】纳达尔在开启北美赛季之前的采访中透露，他退出温网与奥运会的原因是身体状况所限，尤其是脚部的伤病，法网之后他有整整20天没有摸过球拍。

“是我的身体做出了决定，如果我可以选择的话，我肯定不会错过温网和#东京奥运会#的比赛。”

与此同时，纳达尔也确认目前的身体仍未恢复到最佳状态：“我不知道完全恢复还需要多少时间，但我唯一能做的就是竭尽全力。伤病不是什么令人愉快的事情，但如果碰上了就得接受现实，否则你会一直都活在沮丧之中。最近我的训练备战情况还不错，我觉得自己向前迈进了一大步，希望我能为即将开始的巡回赛竞争做好准备。”",9,40,201,,
Houson猴姆,8-2 16:04,"#东京奥运会#女排B组最终排名出炉！美国女排获得小组第一！
刚刚，俄罗斯和土耳其比赛结束，最终，土耳其女排3比2战胜俄罗斯！5局比分为21-25, 25-23, 25-23, 15-25, 15-10！这样，混乱的B组排名出炉，美国后来居上拿下小组第一！意大利和土耳其分获第二、三名！俄罗斯退至第4！中国和阿根廷虽然还没开打，但已经确定位居第5和第6并被淘汰。有意思的是，A组塞尔维亚将面对意大利或者土耳其，那么谁会抽到塞尔维亚呢？
B组最终排名
排名 队伍 胜负 积分
1. 美国 4胜1负 10分（出线）
2. 意大利 3胜2负 10分（出线）
3. 土耳其 3胜2负 9分（出线）
4. 俄奥 3胜2负 9分（出线）
5. 中国 1胜3负 4分（淘汰）
6. 阿根廷 4负 0分（淘汰）",5,55,279,,
艾婷婷-婷婷走走,8-2 10:10,来#东京奥运会# 除了看比赛，买特许商品自然也是不能错过的。这次奥运会由于疫情原因，购物变得没有那么方便。好在国际广播中心里就有特许商品店，带你们看看我买了什么#东京奥运日记# 艾婷婷-婷婷走走的微博视频,4,28,134,,
罗罗布,2小时前,乒乓球队yyds,109,11,129,@人民日报:,【#国乒女团3比0横扫日本#！夺得第34金】东京奥运会乒乓球女团决赛，中国乒乓球女团战胜日本，夺得金牌，日本队获得银牌，中国香港队摘铜。祝贺#国乒女团四连冠#！祝贺国乒！#国乒女团VS日本女团#
Houson猴姆,8-2 16:04,"#东京奥运会#女排B组最终排名出炉！美国女排获得小组第一！
刚刚，俄罗斯和土耳其比赛结束，最终，土耳其女排3比2战胜俄罗斯！5局比分为21-25, 25-23, 25-23, 15-25, 15-10！这样，混乱的B组排名出炉，美国后来居上拿下小组第一！意大利和土耳其分获第二、三名！俄罗斯退至第4！中国和阿根廷虽然还没开打，但已经确定位居第5和第6并被淘汰。有意思的是，A组塞尔维亚将面对意大利或者土耳其，那么谁会抽到塞尔维亚呢？
B组最终排名
排名 队伍 胜负 积分
1. 美国 4胜1负 10分（出线）
2. 意大利 3胜2负 10分（出线）
3. 土耳其 3胜2负 9分（出线）
4. 俄奥 3胜2负 9分（出线）
5. 中国 1胜3负 4分（淘汰）
6. 阿根廷 4负 0分（淘汰）",5,55,279,,
张曼联,8-2 10:07,"【伤病折磨】纳达尔在开启北美赛季之前的采访中透露，他退出温网与奥运会的原因是身体状况所限，尤其是脚部的伤病，法网之后他有整整20天没有摸过球拍。

“是我的身体做出了决定，如果我可以选择的话，我肯定不会错过温网和#东京奥运会#的比赛。”

与此同时，纳达尔也确认目前的身体仍未恢复到最佳状态：“我不知道完全恢复还需要多少时间，但我唯一能做的就是竭尽全力。伤病不是什么令人愉快的事情，但如果碰上了就得接受现实，否则你会一直都活在沮丧之中。最近我的训练备战情况还不错，我觉得自己向前迈进了一大步，希望我能为即将开始的巡回赛竞争做好准备。”",9,40,201,,
賣勾靠杯,8-4 16:03,運動男子攀岩組西班牙18歲選手Alberto Ginés López 可愛！#东京奥运会#,61,102,297,,
艾婷婷-婷婷走走,8-2 10:10,来#东京奥运会# 除了看比赛，买特许商品自然也是不能错过的。这次奥运会由于疫情原因，购物变得没有那么方便。好在国际广播中心里就有特许商品店，带你们看看我买了什么#东京奥运日记# 艾婷婷-婷婷走走的微博视频,4,28,134,,
HXC雪chen,8-4 18:23,东京奥运会花样游泳双人决赛夺牌即将开始#围观奥运会##一起看奥运# HXC雪chen的微博视频,58,275,3256,,
南方周末,2小时前,#国乒女团3比0横扫日本#,13,9,103,@人民日报:,【#国乒女团3比0横扫日本#！夺得第34金】东京奥运会乒乓球女团决赛，中国乒乓球女团战胜日本，夺得金牌，日本队获得银牌，中国香港队摘铜。祝贺#国乒女团四连冠#！祝贺国乒！#国乒女团VS日本女团#
好动网球,8-3 07:05,"纳达尔评价德约在#东京奥运会# 铜牌赛将球拍扔向空无一人的看台：

“幸好看台上没有人，其他什么都没发生，尽管这是偶然事件，但你必须尽量避免类似的事情，这很重要。如果你是很多孩子的榜样，那就更重要了。他是世界第一，历史上最好的球员之一。看到像他这样的冠军做出如此举动，很奇怪。”",11,91,416,,
今日排球,8-2 22:49,"#东京奥运会女排比赛# 1/4决赛对阵形势刚刚出炉！
上半区
巴西vs俄罗斯
韩国vs土耳其
下半区
塞尔维亚vs意大利
美国vs多米尼加",160,298,1305,,
VolleyballWorld排球世界,1小时前,#东京奥运会# 室内男排半决赛，法国男排🇫🇷 3-0 战胜阿根廷男排🇦🇷晋级决赛！阿根廷男排无缘晋级！三局比分为25-22/25-19/25-22 #Volleyball#,13,14,43,,
ATP巡回赛,8-3 08:16,"#东京奥运会# 金牌得主兹维列夫和家人已经回到慕尼黑，迎来了同胞热烈的欢迎。其中就包括了前温网亚军利斯基。@WTA国际女子网球协会

萨沙还把自己球拍送给了一位7岁的小粉丝，你羡慕了吗？",7,20,136,,
米兔的韩流生活,8-3 17:37,#东京奥运会# 体操女子平衡木决赛，管晨辰夺金！！唐茜靖摘银！！中国队包揽金银牌！！,43,54,1313,,
优秀网页设计,8-2 11:29,"奥运镜头下的人体自然美学：力量、平衡、速度。

图源水印，仅分享。#东京奥运会#",64,10,228,,
封面新闻,8-2 21:17,"#东京奥运会看封面# 【真真的羡慕了 ...东京奥运会@杜丽 恐成最大赢家！】#杜丽人生赢家#给大家总结一下杜丽的人生：
@杜丽 本人，奥运会两块金牌获得者；
杜丽的老公@庞伟 ：奥运会两块金牌获得者；
杜丽的徒弟张常鸿、杨倩@杨大妞YYY 们：奥运会金牌获得者；",154,133,2739,,
sailor卢云秀,8-3 13:17,昨天直播的时候小伙伴们都说想看看🏅️……来啦#东京奥运会# @新浪体育 @微博体育 锦州,64,265,2238,,
胖哥杨力,8-4 20:12,#东京奥运会# 来自于奥地利的女子七项全能选手，ivona dadic（伊凡娜·达迪克），感受一下,11,34,96,,
言信_Shayne,8-2 21:12,"#一起看奥运#
恭喜茜梵·哈桑拿到本届奥运会
女子5000米冠军！

从前面的按兵不动，
紧跟第一集团，
到最后一圈57秒，
一波流收割比赛，
凭借自己强大的冲刺能力，
哈桑贡献了一场教科书级别的胜利！

期待她在之后的1500和10000米决赛，
都可以跑出统治级的表现来！
#东京奥运会#",15,49,408,,
中国新闻网,8-4 00:01,【#8月4日东京奥运会看点#：“另类”游泳两项冲金 中国女篮剑指四强】#微观奥运会#中国军团今日虽无优势项目参加金牌大战，但仍将在两个游泳赛场冲击金牌。中国女篮与塞尔维亚队争进四强、女拳手谷红争夺决赛权等赛事，精彩同样不容错过。,213,415,8470,,
东京2020年奥运会,8-4 15:02,#东京奥运会# 这是谁的皮卡丘？,16,89,613,,
钟sir说体操,8-3 15:31,#东京奥运会# 平衡木决赛，罗马尼亚🇷🇴拉里萨退赛,5,127,670,,
中国新闻网,8-4 00:01,【#8月4日东京奥运会看点#：“另类”游泳两项冲金 中国女篮剑指四强】#微观奥运会#中国军团今日虽无优势项目参加金牌大战，但仍将在两个游泳赛场冲击金牌。中国女篮与塞尔维亚队争进四强、女拳手谷红争夺决赛权等赛事，精彩同样不容错过。,213,415,8470,,
芒果捞探长,8-2 17:12,"#东京奥运会#
10分钟3枚金牌！！
现在中国已经在奖牌榜上断层第一啦，搞顶流就是爽！",131,133,154,,
王耶啵的小甜甜YiBo,8-3 19:32,#东京奥运会# 我们拼尽全力的样子都很美❤️❤️我的姐妹们超棒！！！ 王耶啵的小甜甜YiBo的微博视频,14,88,640,,
浙视频,8-2 09:30,#东京奥运会你最喜欢哪个运动员# 【奥运街采丨东京奥运会你最喜欢哪个运动员 想对他们说点什么？】东京奥运会仍在火热进行中，赛事过半，中国的奥运健儿在东京也取得了骄人的成绩，让国人感到无比自豪。那么，这届奥运会你最喜欢哪个运动员呢，印象最深刻的又是哪场比赛？浙视频记者走上街头，听听大家对奥运健儿有什么想说的。@浙江日报 浙视频的微博视频,147,176,76,,
南都娱乐周刊,8-4 18:03,#东京奥运会撞脸合集#，可可爱爱的一些“巧合”和“意外”孙颖莎、巩立姣、杨倩、易烊千玺、烧饼、许昕、刘灵玲、徐冬冬、段星星、米卡、刘洋、邹兆龙、江旻憓、林志玲 …,144,290,6855,,
扣碎篮板的梦,8-1 23:00,#东京奥运会##奥运会#这是有多么热爱才能做到如此啊！还会有下一个刘翔吗？夺金项目失利运动员该道歉吗？ 扣碎篮板的梦的微博视频,39,225,1999,,
祝福体操小花们_,8-2 18:06,#奥运会# #东京奥运会# 在团体、全能、跳马、高低杠、自由操接连退赛后，Simone Biles最终决定参加最后的平衡木决赛。,64,133,1205,,
东京2020年奥运会,8-3 21:42,"#东京奥运会#
东京夜深，这个时刻还在比赛中的项目有马术，攀岩，篮球，沙滩排球，排球，足球，为选手们加油！",8,35,291,,
东京2020年奥运会,8-1 21:26,"甜径

#东京奥运会#",93,77,1881,,
Houson猴姆,8-2 22:31,"日本女排惨遭小组淘汰！
#东京奥运会#女排小组赛全部结束，今晚最后两场比赛，东道主日本女排1比3不敌多米尼加，小组未能出线，而多米尼加则顺利出线。另一场，巴西3比0迅速横扫肯尼亚，轻松拿下小组第一！来看各组最终排名！
A组排名
排名 队伍 胜负 积分
1. 巴西 5胜 14分（出线）
2. 塞尔维亚 4胜1负 12分（出线）
3. 韩国 3胜2负 7分（出线）
4. 多米尼加 2胜3负 8分（出线）
5. 日本 1胜4负 4分（淘汰）
6. 肯尼亚 5负 0分（淘汰）

B组排名
排名 队伍 胜负 积分
1. 美国 4胜1负 10分（出线）
2. 意大利 3胜2负 10分（出线）
3. 土耳其 3胜2负 9分（出线）
4. 俄奥 3胜2负 9分（出线）
5. 中国 2胜3负 7分（淘汰）
6. 阿根廷 5负 0分（淘汰）

刚刚1/4决赛对阵出炉！两个小组的第二塞尔维亚和意大利真的提前相遇了！这就有意思了……另外，俄罗斯因为位居小组第四，淘汰赛将迎战A组第一的巴西，这对儿宿敌也会撕得你死我活！四场比赛将于8月4日举行。
8:00 韩国VS土耳其
12:00 多米尼加VS美国
16:00 塞尔维亚VS意大利
20:30 巴西VS俄罗斯
你看好哪四支队伍进四强呢？",28,200,423,,
走马微天下,8-3 15:40,#东京奥运会# @央视新闻 没人了吗？还派这个@冬日娜 去奥运会丢人现眼！ 被如此打脸丢人不丢人啊？ 走马微天下的微博视频,126,73,1465,,
全世界都不如一个你,8-3 00:06,"意大利跳高帅哥和意大利100m冠军的采访小插曲。这国旗吻太浪漫了吧！磕到了～

#东京奥运会# 全世界都不如一个你的微博视频",252,77,877,,
篮球大图,8-3 20:31,王春雨800米决赛最终以1分57秒00排名第五，这个成绩创造了个人最好的成绩。 #围观奥运会##东京奥运会#,9,28,282,,
Houson猴姆,8-2 11:08,#东京奥运会#女排A组第五轮第一场比赛结束，塞尔维亚3比0轻松战胜韩国！三局比分25-18、25-17、25-15！两支队伍均已提前晋级八强！,10,23,151,,
VolleyballWorld排球世界,8-2 09:23,#东京奥运会# 室内女排第五比赛日，塞尔维亚女排🇷🇸 3-0 战胜韩国女排🇰🇷，三局比分为25-18/25-17/25-15 #Volleyball#,8,17,102,,
帝吧官微,8-3 20:06,"怪不得女子橄榄球赢那么多，原来是加了buff
#东京奥运会#",242,381,9993,,
VolleyballWorld排球世界,8-1 23:49,#东京奥运会# 室内男排第五比赛日，美国男排🇺🇸 0-3 不敌阿根廷男排🇦🇷，三局比分为21-25/23-25/23-25 #Volleyball#,60,53,177,,
淡蓝LGBT资讯,8-2 14:58,"【意大利两金牌得主赛后“激吻”，网友：磕到了】在昨天举行的#东京奥运会# 男子100米决赛中，意大利选手雅各布斯夺得金牌并创造了个人最佳纪录。赛后雅各布斯接受采访时，意大利跳高金牌得主坦贝里朝他飞奔而来，二人热情相拥、激吻庆祝，还将意大利国旗披在头上，从视频中可以听到激吻的声音。网友：磕到了！磕到了！磕到了！（25秒后高甜预警⚠️）
DC大叔的微博视频",47,27,296,,
帝吧官微,8-4 16:38,"日本选手被打到躺轮椅吸氧仍判赢，哥伦比亚网民怒了！
东京奥运会拳击比赛中，日本拳击手田中亮明战胜哥伦比亚拳击手马丁内兹打进四强。赛后田中亮明被轮椅推走，甚至需要吸氧，对此网友表示：日本选手多次用脸部有效击打对方拳头获得点数，最后躺赢，非常公平公正
#日本选手被打到躺轮椅吸氧仍判赢##东京奥运会##迷惑行为大赏# 帝吧官微的微博视频",3222,5576,0,,
蛇精灵IL_Biscione,8-3 12:39,东京奥运会男子百米冠军雅克布：在我7岁之前，我一直都是888的球迷，因为他们总是赢球。后来有一天我妈妈带我看了一场国际米兰对阵维琴察的比赛，一切都改变了，我成为一名坚定的内拉祖里！MercatoInter#东京奥运会#,11,20,63,,
Houson猴姆,8-2 12:46,"有意思了！刚刚#东京奥运会#女排B组最后一轮第一场比赛结束，美国女排苦战五局力克意大利女排，并升至小组第一，意大利暂居第二。五局比分为21-25, 25-16, 25-27, 25-16, 15-12。由于意大利连败，小组第一仍不确定，还要看俄罗斯和土耳其的结果。以及，意大利1/4决赛会抽签到塞尔维亚吗？",29,85,576,,
乔木DC,8-3 13:10,#东京奥运会# 男子200米预赛，没看到苏炳添，只有中国的谢振业进入了半决赛。通常100米、200米，甚至跳远，会兼项。不知现在是报名不容许，还是苏炳添为了集中精力于百米？,62,95,634,,
帝吧官微,8-4 16:38,"日本选手被打到躺轮椅吸氧仍判赢，哥伦比亚网民怒了！
东京奥运会拳击比赛中，日本拳击手田中亮明战胜哥伦比亚拳击手马丁内兹打进四强。赛后田中亮明被轮椅推走，甚至需要吸氧，对此网友表示：日本选手多次用脸部有效击打对方拳头获得点数，最后躺赢，非常公平公正
#日本选手被打到躺轮椅吸氧仍判赢##东京奥运会##迷惑行为大赏# 帝吧官微的微博视频",3222,5576,0,,
Houson猴姆,8-4 16:30,近日，澳大利亚23岁短跑小将#Rohan Browning#走红全网，他长相酷似Zac Efron和莱托少爷Jared Leto的结合体，而且在#东京奥运会#百米短跑半决赛跑出了10秒01的个人最好成绩，也创造了澳大利亚人在百米短跑最好成绩！,65,181,859,,
微天下,3小时前,#叙利亚选手夺牌后举起阵亡战友照片# ,25,3,95,@新浪军事:,"【#叙利亚选手夺牌后举起阵亡战友照片# 】据@观察者网 报道：当地时间8月4日，在东京奥运会举重男子109公斤以上级决赛中，叙利亚举重选手曼·阿萨德以总成绩424公斤获得铜牌，这是叙利亚在本届东京奥运会荣获第一章奖牌，也是叙利亚历史上第四枚奥运奖牌。

在颁奖仪式上，这位来自叙利亚的季军举起了他的训练伙伴和战友卡西姆的照片。

卡西姆和曼·阿萨德同为举重运动员，在叙利亚内战爆发以后，叙利亚反政府军占领了他的家乡哈马。随后他和他的兄弟都参加了叙利亚政府军空军特种25师“老虎部队”，2019年，他和卡西姆参加了叙利亚政府军解放哈马西北部的作战，卡西姆在叙利亚北部作战时牺牲。"
东京2020年奥运会,昨天 23:50,"牌面 | #东京奥运会#第12天中国揽获1银

黄雪辰/孙文雁：花样游泳 双人自由自选 银牌 🥈

赛程渐进尾声。有人旅途已经结束，有人还在奋力拼搏，有人还在等待，等待一声哨响。
更有人，陷于更长的等待之中。此时的蛰伏、踟蹰，坚持、血泪，将在而后的时光，借着某个关键的赛点，化作奋力的一跃，一掷，一举，一蹴……一锤定音。
或许有人说他们的所谓品格，顽固得像块石头。可他们之所以坚持，是因为这世上也有人，视那些为灵芝珍宝。
世上万事，不必意义趋同。可请你一定，耐心等待。",36,70,711,,
寰亚SYHP,8-1 21:36,#东京奥运会# ️白俄罗斯田径运动员克里斯蒂娜·蒂马诺夫斯卡娅被白俄罗斯体育官员带到东京机场，并给她买了一张机票，让她返回白俄罗斯。 前几天她公开批评白俄罗斯政府和体育官员。她现在声称感到害怕：没有人告诉我任何事情，我只是被告知要收拾行李回家。 寰亚SYHP的微博视频,98,538,3477,,
今日排球,8-1 23:57,#东京奥运会男排比赛# 小组赛全部结束，A组波兰、意大利、日本、加拿大，B组俄罗斯、巴西、阿根廷、法国，晋级八强。伊朗、委内瑞拉、美国、突尼斯遭淘汰。1/4决赛是1A~4B、4A~1B，2A/3A对阵2B/3B要经过抽签决定。,5,58,83,,
七彩虹科技,7小时前,随着全红婵满分落水，七彩虹的奥运奖金池再次加注，现已来到33块SSD！#东京奥运会#,17,17,45,,
米兔的韩流生活,7小时前,#东京奥运会# 跳水女子单人10米台决赛全红婵夺得金牌！2、4、5三跳满分！！中国代表团年龄最小的选手，未来可期！,33,50,1342,,
乔木DC,8-3 13:10,#东京奥运会# 男子200米预赛，没看到苏炳添，只有中国的谢振业进入了半决赛。通常100米、200米，甚至跳远，会兼项。不知现在是报名不容许，还是苏炳添为了集中精力于百米？,62,95,634,,
Houson猴姆,8-2 12:46,"有意思了！刚刚#东京奥运会#女排B组最后一轮第一场比赛结束，美国女排苦战五局力克意大利女排，并升至小组第一，意大利暂居第二。五局比分为21-25, 25-16, 25-27, 25-16, 15-12。由于意大利连败，小组第一仍不确定，还要看俄罗斯和土耳其的结果。以及，意大利1/4决赛会抽签到塞尔维亚吗？",29,85,576,,
微天下,3小时前,#叙利亚选手夺牌后举起阵亡战友照片# ,25,3,95,@新浪军事:,"【#叙利亚选手夺牌后举起阵亡战友照片# 】据@观察者网 报道：当地时间8月4日，在东京奥运会举重男子109公斤以上级决赛中，叙利亚举重选手曼·阿萨德以总成绩424公斤获得铜牌，这是叙利亚在本届东京奥运会荣获第一章奖牌，也是叙利亚历史上第四枚奥运奖牌。

在颁奖仪式上，这位来自叙利亚的季军举起了他的训练伙伴和战友卡西姆的照片。

卡西姆和曼·阿萨德同为举重运动员，在叙利亚内战爆发以后，叙利亚反政府军占领了他的家乡哈马。随后他和他的兄弟都参加了叙利亚政府军空军特种25师“老虎部队”，2019年，他和卡西姆参加了叙利亚政府军解放哈马西北部的作战，卡西姆在叙利亚北部作战时牺牲。"
东京2020年奥运会,昨天 23:50,"牌面 | #东京奥运会#第12天中国揽获1银

黄雪辰/孙文雁：花样游泳 双人自由自选 银牌 🥈

赛程渐进尾声。有人旅途已经结束，有人还在奋力拼搏，有人还在等待，等待一声哨响。
更有人，陷于更长的等待之中。此时的蛰伏、踟蹰，坚持、血泪，将在而后的时光，借着某个关键的赛点，化作奋力的一跃，一掷，一举，一蹴……一锤定音。
或许有人说他们的所谓品格，顽固得像块石头。可他们之所以坚持，是因为这世上也有人，视那些为灵芝珍宝。
世上万事，不必意义趋同。可请你一定，耐心等待。",36,70,711,,
Houson猴姆,8-4 16:30,近日，澳大利亚23岁短跑小将#Rohan Browning#走红全网，他长相酷似Zac Efron和莱托少爷Jared Leto的结合体，而且在#东京奥运会#百米短跑半决赛跑出了10秒01的个人最好成绩，也创造了澳大利亚人在百米短跑最好成绩！,65,181,859,,
寰亚SYHP,8-1 21:36,#东京奥运会# ️白俄罗斯田径运动员克里斯蒂娜·蒂马诺夫斯卡娅被白俄罗斯体育官员带到东京机场，并给她买了一张机票，让她返回白俄罗斯。 前几天她公开批评白俄罗斯政府和体育官员。她现在声称感到害怕：没有人告诉我任何事情，我只是被告知要收拾行李回家。 寰亚SYHP的微博视频,98,538,3477,,
七彩虹科技,7小时前,随着全红婵满分落水，七彩虹的奥运奖金池再次加注，现已来到33块SSD！#东京奥运会#,17,17,45,,
今日排球,8-1 23:57,#东京奥运会男排比赛# 小组赛全部结束，A组波兰、意大利、日本、加拿大，B组俄罗斯、巴西、阿根廷、法国，晋级八强。伊朗、委内瑞拉、美国、突尼斯遭淘汰。1/4决赛是1A~4B、4A~1B，2A/3A对阵2B/3B要经过抽签决定。,5,58,83,,
米兔的韩流生活,7小时前,#东京奥运会# 跳水女子单人10米台决赛全红婵夺得金牌！2、4、5三跳满分！！中国代表团年龄最小的选手，未来可期！,33,50,1342,,
东京2020年奥运会,8-3 00:45,"#东京奥运会#
晚安，好梦",11,46,377,,
乔木DC,8-1 22:25,#东京奥运会# 有趣的一幕：男子跳高决赛，比到最后，卡塔尔和意大利的选手都是2.37米一次过。官员问，你们要选择加赛吗？他们问：我们可以不赛吗？回答也可以。二人欢呼拥抱，双双获得金牌。哥俩好，两国好，金牌好，友谊第一，比赛第二。,73,154,1337,,
李玲_静诛,8-3 06:36,"收到了很多人的安慰，谢谢你们！#东京奥运会# 浓墨重彩的一笔画在我人生的经历中，比赛因为下雨中断并延迟。检录完试跳的时候也下了一阵雨，我前面的选手停止试跳，我并不畏惧下雨一样进行试跳，我相信自己的赛前准备。

从下午4点出发去比赛，5点10分热身到晚上9点45我才开始比赛第一次起跳，突发的状况，打乱了原本的节奏。长时间的等待，我没有将状态保持住，体力逐渐下降。一个晚上的时间感受到状态从好到坏。应对突发状况，我没有做好。

撑竿跳高是一项比赛赛时很长的项目，往往是最早来场地，最晚出场地，经常是我们比完赛场地就收工关灯了。还记得2008年北京奥运会所有项目全部结束了，只有撑竿跳高还在继续，这时候伊辛巴耶娃创造了世界纪录。

我的第四次奥运之旅结束了，我接受自己的不足，并不气馁，只要我没有离开这片场地，我都会继续尽力去做下去。

衷心祝愿惠琴能在决赛上创造出撑竿跳高的新历史！能有更多中国撑竿跳高的选手在奥运会书写未来！#奥运会# 日本·东京",31,177,1415,,
乔木DC,8-2 22:07,"#东京奥运会# 女足半决赛，瑞典1:0胜澳大利亚不意外，加拿大1:0胜美国则出乎意料。之前我看好美国队，因为亲历女足在美国的普及和受欢迎，不是只看或评论，而是很多的人、很多球队在踢，众多家庭把女儿送进费用昂贵的各年龄俱乐部队，训练、比赛。

查了一下，女足在瑞、加、澳这些人口小国也很普及，踢球的比例和人数都很高，能常年保持较高的水平。

决赛我看好老牌劲旅瑞典队，但也希望加拿大再进一步。女足犯规少，比赛流畅，技战术清楚，很好看。",7,57,170,,
致爱情,8-4 16:58,"#东京奥运会撞脸合集# 东京奥运会赛场上的撞脸瞬间哈哈哈😂这也太像了吧今年的东京奥运会真的是我的快乐源泉哈哈hahaha

孙颖莎丨巩立姣丨杨倩丨易烊千玺丨烧饼丨许昕丨刘灵玲丨徐冬冬丨段星星丨米卡丨刘洋丨邹兆龙丨江旻憓丨林志玲",1102,1227,3881,,
中国新闻网,12小时前,#马术赛场日本文化雕像把马吓跑了#【#东京奥运马术比赛雕塑吓坏赛马#】#微观奥运会# 在8月3日晚举行的东京奥运会马术个人场地障碍预赛中，有几匹赛马似乎被场上的相扑手雕塑吓坏了。相扑手雕塑与真人大小相当，弓着腰，似乎准备好了攻击，他的脸背对着赛马跑来的方向。英国选手哈里·查尔斯说：“当你转过身来，就会看到一个大家伙(的屁股)。” 多匹赛马在接近这一障碍物附近时停了下来，导致选手被扣分，无法晋级决赛。太逼真！奥运马术比赛场上的相扑雕塑，吓坏了赛马(图),140,398,0,,
鳄鱼十三,8-2 14:33,"“不输的办法只有一个
就是不上场。” 出发！Go
#东京奥运会# 鳄鱼十三的微博视频",14,91,481,,
手绘插画家园,8-4 14:03,东京奥运会正在进行中，插画家Adrian Hogan笔下“社畜”们的奥运狂想曲，原来生活处处都是赛场！,211,19,410,,
观察者网,3小时前,比赛很精彩，但#东京奥运会仅剩三天#,15,153,1539,,
高考学长带你飞,8-3 15:41,"#奥运会##东京奥运会#

张继科马龙双打满地打滚，哈哈哈，刘国梁说的果然没错，两人一起谁也打不赢 高考学长带你飞的微博视频",70,43,1750,,
高考学长带你飞,8-3 15:41,"#奥运会##东京奥运会#

张继科马龙双打满地打滚，哈哈哈，刘国梁说的果然没错，两人一起谁也打不赢 高考学长带你飞的微博视频",70,43,1750,,
有养,8-3 18:01,尊重对手，才是真正的强大！#跳水##东京奥运会# 有养的微博视频,18,30,54,,
小啤Derek,8-4 21:15,"有博主亲自去东京湾观察水质，结果……
#东京奥运会#
来源自：观察者网 小啤Derek的微博视频",13,27,79,,
豆瓣羊组,8-2 23:46,中国运动员的集体荣誉感，每位运动员下意识展示的动作，中国心很红～ #东京奥运会#,211,212,235,,
东京2020年奥运会,8-2 01:00,"#东京奥运会# 第10天！
今天你想关注的项目是哪些？ 东京2020年奥运会的微博视频",8,62,328,,
足球看客111,8-2 16:02,"奥运女篮 16:20 比利时女篮VS中国女篮 #东京奥运会#
奥运女篮 20:00 波多黎各女篮VS澳大利亚女篮
足篮电竞小秘密→初盘串子欧洲杯分享
我们中国女篮本届杯赛也展现非常出色的实力提升。目前同样两连胜，首轮球队大胜碾压波多黎各，展现了顺风局面的坚韧竞技态度，上一场球队与澳大利亚鏖战至最后一分钟，凭借内线里李月汝的罚球锁定胜局。比利时女篮实力目前在世界范围内排名很高。球队核心主力成员有多人效力最高水平女篮职业联赛WNBA。",38,39,39,,
扒圈老叔,8-2 23:39,#东京奥运会# 举重梦之队告诉世界什么是中国力量！中国举重队八名运动员七金一银！真梦之队，中国举重队好牛～,208,209,219,,
343三四三,8-2 00:44,"#东京奥运会# 白俄罗斯女子400米跑选手Tsimanouskaya今天在个人社交媒体上发布视频称自己正在机场被白俄罗斯代表团的官员施加压力，要求她回国，她在视频里请求奥委会施以援手。

白俄罗斯方面称运动员拒绝登机，并找来了日本警方。外交人员随后抵达羽田机场，Tsimanouskaya如今已转移到了安全的地方，并且正跟欧盟的外交人员保持联系。

原定于在周一参加200米预赛的Tsimanouskaya在社交媒体上公开批评队内官员安排她去参加4x400米接力的比赛，而她之前从未跑过这类接力赛，之所以被临时抓夫是因为其她人没有参加足够次数的药检，不具备参赛资格，根本就没来东京。结果白俄罗斯队内的教练在周日晚找到她，要求她打包回国。

奥委会在随后发布的声明中称已要求白俄罗斯代表团的官员解释这起纠纷。 343三四三的微博视频",15,2,13,,
AisinGioroZD,8-4 22:37,下一张画哪个#东京奥运会#,6,162,469,,
